{
  "sendOTP" : {
    "transaction" : "sendOTP",
    "sampleCount" : 1000,
    "errorCount" : 0,
    "errorPct" : 0.0,
    "meanResTime" : 2889.050000000001,
    "medianResTime" : 2739.0,
    "minResTime" : 27.0,
    "maxResTime" : 8781.0,
    "pct1ResTime" : 5813.4,
    "pct2ResTime" : 7131.549999999987,
    "pct3ResTime" : 8583.94,
    "throughput" : 13.599151412951832,
    "receivedKBytesPerSec" : 3.7052375431773052,
    "sentKBytesPerSec" : 3.718517964479016
  },
  "ExtrasApi" : {
    "transaction" : "ExtrasApi",
    "sampleCount" : 1000,
    "errorCount" : 0,
    "errorPct" : 0.0,
    "meanResTime" : 2809.8619999999987,
    "medianResTime" : 2337.0,
    "minResTime" : 64.0,
    "maxResTime" : 8697.0,
    "pct1ResTime" : 5755.599999999999,
    "pct2ResTime" : 6619.149999999992,
    "pct3ResTime" : 8149.63,
    "throughput" : 10.85081218329192,
    "receivedKBytesPerSec" : 12.391256635949825,
    "sentKBytesPerSec" : 2.564246133041808
  },
  "resultValidation" : {
    "transaction" : "resultValidation",
    "sampleCount" : 1000,
    "errorCount" : 0,
    "errorPct" : 0.0,
    "meanResTime" : 6524.107999999996,
    "medianResTime" : 6495.5,
    "minResTime" : 296.0,
    "maxResTime" : 13807.0,
    "pct1ResTime" : 10737.4,
    "pct2ResTime" : 11569.549999999996,
    "pct3ResTime" : 13088.87,
    "throughput" : 13.748350197976242,
    "receivedKBytesPerSec" : 4.014410848823141,
    "sentKBytesPerSec" : 3.343104686812582
  },
  "submitOTP" : {
    "transaction" : "submitOTP",
    "sampleCount" : 1000,
    "errorCount" : 0,
    "errorPct" : 0.0,
    "meanResTime" : 2818.388999999998,
    "medianResTime" : 2651.0,
    "minResTime" : 22.0,
    "maxResTime" : 8694.0,
    "pct1ResTime" : 5463.699999999999,
    "pct2ResTime" : 6508.449999999999,
    "pct3ResTime" : 8203.91,
    "throughput" : 12.613203501425291,
    "receivedKBytesPerSec" : 4.9270326177442545,
    "sentKBytesPerSec" : 3.1779360384450444
  },
  "Leaderboard" : {
    "transaction" : "Leaderboard",
    "sampleCount" : 1000,
    "errorCount" : 0,
    "errorPct" : 0.0,
    "meanResTime" : 4166.273000000015,
    "medianResTime" : 4124.5,
    "minResTime" : 143.0,
    "maxResTime" : 9572.0,
    "pct1ResTime" : 6752.099999999999,
    "pct2ResTime" : 7780.799999999999,
    "pct3ResTime" : 8836.7,
    "throughput" : 10.412653456480314,
    "receivedKBytesPerSec" : 65.7403587777367,
    "sentKBytesPerSec" : 3.233515305298999
  },
  "Analysis" : {
    "transaction" : "Analysis",
    "sampleCount" : 1000,
    "errorCount" : 0,
    "errorPct" : 0.0,
    "meanResTime" : 4157.245999999994,
    "medianResTime" : 4075.5,
    "minResTime" : 175.0,
    "maxResTime" : 9080.0,
    "pct1ResTime" : 6682.0,
    "pct2ResTime" : 7790.95,
    "pct3ResTime" : 8891.44,
    "throughput" : 10.32748453459191,
    "receivedKBytesPerSec" : 32.18923630833738,
    "sentKBytesPerSec" : 2.571684845191007
  },
  "Total" : {
    "transaction" : "Total",
    "sampleCount" : 11000,
    "errorCount" : 0,
    "errorPct" : 0.0,
    "meanResTime" : 3442.3128181818124,
    "medianResTime" : 3038.0,
    "minResTime" : 22.0,
    "maxResTime" : 13807.0,
    "pct1ResTime" : 6658.799999999999,
    "pct2ResTime" : 8015.0,
    "pct3ResTime" : 10591.869999999997,
    "throughput" : 104.12722453616055,
    "receivedKBytesPerSec" : 305.6514903209012,
    "sentKBytesPerSec" : 27.74134516400038
  },
  "Pricing" : {
    "transaction" : "Pricing",
    "sampleCount" : 1000,
    "errorCount" : 0,
    "errorPct" : 0.0,
    "meanResTime" : 3403.042999999998,
    "medianResTime" : 3161.5,
    "minResTime" : 43.0,
    "maxResTime" : 8995.0,
    "pct1ResTime" : 6215.6,
    "pct2ResTime" : 7298.549999999998,
    "pct3ResTime" : 8316.98,
    "throughput" : 10.860475471616146,
    "receivedKBytesPerSec" : 55.648864197899584,
    "sentKBytesPerSec" : 3.0756145332167644
  },
  "testUsersList" : {
    "transaction" : "testUsersList",
    "sampleCount" : 1000,
    "errorCount" : 0,
    "errorPct" : 0.0,
    "meanResTime" : 2444.491000000004,
    "medianResTime" : 2110.0,
    "minResTime" : 25.0,
    "maxResTime" : 8554.0,
    "pct1ResTime" : 5060.7,
    "pct2ResTime" : 6156.749999999997,
    "pct3ResTime" : 7758.7300000000005,
    "throughput" : 12.138426617141885,
    "receivedKBytesPerSec" : 79.32651457218115,
    "sentKBytesPerSec" : 4.018483030479589
  },
  "dashboardOlympiadState" : {
    "transaction" : "dashboardOlympiadState",
    "sampleCount" : 1000,
    "errorCount" : 0,
    "errorPct" : 0.0,
    "meanResTime" : 2500.041999999997,
    "medianResTime" : 2005.0,
    "minResTime" : 26.0,
    "maxResTime" : 8671.0,
    "pct1ResTime" : 5437.4,
    "pct2ResTime" : 6538.349999999997,
    "pct3ResTime" : 8044.150000000001,
    "throughput" : 11.063905115949726,
    "receivedKBytesPerSec" : 26.304369585601435,
    "sentKBytesPerSec" : 2.7982820175584173
  },
  "dashboardHome" : {
    "transaction" : "dashboardHome",
    "sampleCount" : 1000,
    "errorCount" : 0,
    "errorPct" : 0.0,
    "meanResTime" : 2507.641999999997,
    "medianResTime" : 2071.0,
    "minResTime" : 140.0,
    "maxResTime" : 8318.0,
    "pct1ResTime" : 5010.0,
    "pct2ResTime" : 6142.699999999998,
    "pct3ResTime" : 7780.74,
    "throughput" : 11.549477963596045,
    "receivedKBytesPerSec" : 44.77555529529128,
    "sentKBytesPerSec" : 2.921093064249746
  },
  "Result" : {
    "transaction" : "Result",
    "sampleCount" : 1000,
    "errorCount" : 0,
    "errorPct" : 0.0,
    "meanResTime" : 3645.294999999999,
    "medianResTime" : 3268.5,
    "minResTime" : 277.0,
    "maxResTime" : 9074.0,
    "pct1ResTime" : 6465.2,
    "pct2ResTime" : 7412.599999999999,
    "pct3ResTime" : 8416.91,
    "throughput" : 10.358400662937642,
    "receivedKBytesPerSec" : 29.50221208501657,
    "sentKBytesPerSec" : 2.5490365068883363
  }
}