{
  "sendOTP" : {
    "transaction" : "sendOTP",
    "sampleCount" : 100,
    "errorCount" : 0,
    "errorPct" : 0.0,
    "meanResTime" : 73.17000000000002,
    "medianResTime" : 69.5,
    "minResTime" : 28.0,
    "maxResTime" : 149.0,
    "pct1ResTime" : 113.80000000000001,
    "pct2ResTime" : 139.89999999999998,
    "pct3ResTime" : 148.95,
    "throughput" : 355.87188612099646,
    "receivedKBytesPerSec" : 96.96466303380782,
    "sentKBytesPerSec" : 97.30871886120995
  },
  "ExtrasApi" : {
    "transaction" : "ExtrasApi",
    "sampleCount" : 100,
    "errorCount" : 0,
    "errorPct" : 0.0,
    "meanResTime" : 599.7600000000002,
    "medianResTime" : 501.0,
    "minResTime" : 96.0,
    "maxResTime" : 1575.0,
    "pct1ResTime" : 1232.5000000000002,
    "pct2ResTime" : 1303.2999999999997,
    "pct3ResTime" : 1574.7199999999998,
    "throughput" : 29.507229271171436,
    "receivedKBytesPerSec" : 33.641987404101506,
    "sentKBytesPerSec" : 6.967336880348186
  },
  "resultValidation" : {
    "transaction" : "resultValidation",
    "sampleCount" : 100,
    "errorCount" : 0,
    "errorPct" : 0.0,
    "meanResTime" : 3523.3600000000006,
    "medianResTime" : 3502.5,
    "minResTime" : 2080.0,
    "maxResTime" : 4792.0,
    "pct1ResTime" : 4669.1,
    "pct2ResTime" : 4720.549999999999,
    "pct3ResTime" : 4791.55,
    "throughput" : 20.79434393844874,
    "receivedKBytesPerSec" : 6.071785974215013,
    "sentKBytesPerSec" : 5.056437149095446
  },
  "submitOTP" : {
    "transaction" : "submitOTP",
    "sampleCount" : 100,
    "errorCount" : 0,
    "errorPct" : 0.0,
    "meanResTime" : 90.34999999999997,
    "medianResTime" : 88.0,
    "minResTime" : 26.0,
    "maxResTime" : 277.0,
    "pct1ResTime" : 130.0,
    "pct2ResTime" : 143.95,
    "pct3ResTime" : 276.6899999999998,
    "throughput" : 320.51282051282055,
    "receivedKBytesPerSec" : 125.1377203525641,
    "sentKBytesPerSec" : 80.75420673076923
  },
  "Leaderboard" : {
    "transaction" : "Leaderboard",
    "sampleCount" : 100,
    "errorCount" : 0,
    "errorPct" : 0.0,
    "meanResTime" : 2462.26,
    "medianResTime" : 2532.0,
    "minResTime" : 836.0,
    "maxResTime" : 3604.0,
    "pct1ResTime" : 3352.0,
    "pct2ResTime" : 3453.7,
    "pct3ResTime" : 3603.4199999999996,
    "throughput" : 11.524720525527256,
    "receivedKBytesPerSec" : 86.74884482684108,
    "sentKBytesPerSec" : 3.576602476374323
  },
  "Analysis" : {
    "transaction" : "Analysis",
    "sampleCount" : 100,
    "errorCount" : 0,
    "errorPct" : 0.0,
    "meanResTime" : 2571.3900000000003,
    "medianResTime" : 2709.5,
    "minResTime" : 715.0,
    "maxResTime" : 3690.0,
    "pct1ResTime" : 3448.3,
    "pct2ResTime" : 3571.85,
    "pct3ResTime" : 3689.5899999999997,
    "throughput" : 11.842728564661297,
    "receivedKBytesPerSec" : 37.40810320197773,
    "sentKBytesPerSec" : 2.9466882919824724
  },
  "Total" : {
    "transaction" : "Total",
    "sampleCount" : 1100,
    "errorCount" : 0,
    "errorPct" : 0.0,
    "meanResTime" : 1196.3336363636356,
    "medianResTime" : 554.5,
    "minResTime" : 26.0,
    "maxResTime" : 4792.0,
    "pct1ResTime" : 3123.7999999999997,
    "pct2ResTime" : 3588.1500000000005,
    "pct3ResTime" : 4624.99,
    "throughput" : 66.54567453115548,
    "receivedKBytesPerSec" : 194.94686507486387,
    "sentKBytesPerSec" : 17.72008989337568
  },
  "Pricing" : {
    "transaction" : "Pricing",
    "sampleCount" : 100,
    "errorCount" : 0,
    "errorPct" : 0.0,
    "meanResTime" : 1214.9399999999991,
    "medianResTime" : 1155.5,
    "minResTime" : 43.0,
    "maxResTime" : 2984.0,
    "pct1ResTime" : 2514.1000000000004,
    "pct2ResTime" : 2712.9999999999995,
    "pct3ResTime" : 2983.43,
    "throughput" : 13.730605519703419,
    "receivedKBytesPerSec" : 52.89688958876836,
    "sentKBytesPerSec" : 3.885734544487162
  },
  "testUsersList" : {
    "transaction" : "testUsersList",
    "sampleCount" : 100,
    "errorCount" : 0,
    "errorPct" : 0.0,
    "meanResTime" : 127.88000000000001,
    "medianResTime" : 121.0,
    "minResTime" : 26.0,
    "maxResTime" : 308.0,
    "pct1ResTime" : 217.30000000000004,
    "pct2ResTime" : 261.6499999999999,
    "pct3ResTime" : 308.0,
    "throughput" : 191.93857965451056,
    "receivedKBytesPerSec" : 1254.3486084452975,
    "sentKBytesPerSec" : 63.52342250479846
  },
  "dashboardOlympiadState" : {
    "transaction" : "dashboardOlympiadState",
    "sampleCount" : 100,
    "errorCount" : 0,
    "errorPct" : 0.0,
    "meanResTime" : 394.47,
    "medianResTime" : 386.5,
    "minResTime" : 136.0,
    "maxResTime" : 829.0,
    "pct1ResTime" : 624.6,
    "pct2ResTime" : 663.55,
    "pct3ResTime" : 828.1199999999995,
    "throughput" : 47.23665564478035,
    "receivedKBytesPerSec" : 112.36373331955598,
    "sentKBytesPerSec" : 11.937865346008502
  },
  "dashboardHome" : {
    "transaction" : "dashboardHome",
    "sampleCount" : 100,
    "errorCount" : 0,
    "errorPct" : 0.0,
    "meanResTime" : 468.77,
    "medianResTime" : 344.5,
    "minResTime" : 123.0,
    "maxResTime" : 1060.0,
    "pct1ResTime" : 847.9,
    "pct2ResTime" : 913.0999999999993,
    "pct3ResTime" : 1059.6899999999998,
    "throughput" : 68.07351940095303,
    "receivedKBytesPerSec" : 262.7225684989789,
    "sentKBytesPerSec" : 17.203853599387337
  },
  "Result" : {
    "transaction" : "Result",
    "sampleCount" : 100,
    "errorCount" : 0,
    "errorPct" : 0.0,
    "meanResTime" : 1633.32,
    "medianResTime" : 1528.5,
    "minResTime" : 235.0,
    "maxResTime" : 3728.0,
    "pct1ResTime" : 2927.3,
    "pct2ResTime" : 3244.25,
    "pct3ResTime" : 3725.1099999999988,
    "throughput" : 15.752993068683049,
    "receivedKBytesPerSec" : 44.39174986216131,
    "sentKBytesPerSec" : 3.8734825437145557
  }
}