{
  "sendOTP" : {
    "transaction" : "sendOTP",
    "sampleCount" : 100,
    "errorCount" : 0,
    "errorPct" : 0.0,
    "meanResTime" : 61.2,
    "medianResTime" : 57.5,
    "minResTime" : 31.0,
    "maxResTime" : 167.0,
    "pct1ResTime" : 84.80000000000001,
    "pct2ResTime" : 103.94999999999999,
    "pct3ResTime" : 166.96999999999997,
    "throughput" : 327.86885245901635,
    "receivedKBytesPerSec" : 89.33785860655738,
    "sentKBytesPerSec" : 89.65163934426229
  },
  "ExtrasApi" : {
    "transaction" : "ExtrasApi",
    "sampleCount" : 100,
    "errorCount" : 2,
    "errorPct" : 2.0,
    "meanResTime" : 606.9800000000001,
    "medianResTime" : 433.0,
    "minResTime" : 69.0,
    "maxResTime" : 2916.0,
    "pct1ResTime" : 1407.4,
    "pct2ResTime" : 1839.6499999999985,
    "pct3ResTime" : 2908.7299999999964,
    "throughput" : 21.862702229995627,
    "receivedKBytesPerSec" : 24.536826697092263,
    "sentKBytesPerSec" : 5.141364574223874
  },
  "resultValidation" : {
    "transaction" : "resultValidation",
    "sampleCount" : 100,
    "errorCount" : 0,
    "errorPct" : 0.0,
    "meanResTime" : 2644.62,
    "medianResTime" : 2656.5,
    "minResTime" : 1136.0,
    "maxResTime" : 3860.0,
    "pct1ResTime" : 3768.7,
    "pct2ResTime" : 3824.8,
    "pct3ResTime" : 3859.71,
    "throughput" : 25.100401606425702,
    "receivedKBytesPerSec" : 7.3291211721887555,
    "sentKBytesPerSec" : 6.103515625
  },
  "submitOTP" : {
    "transaction" : "submitOTP",
    "sampleCount" : 100,
    "errorCount" : 2,
    "errorPct" : 2.0,
    "meanResTime" : 70.88999999999999,
    "medianResTime" : 71.5,
    "minResTime" : 25.0,
    "maxResTime" : 198.0,
    "pct1ResTime" : 95.0,
    "pct2ResTime" : 102.74999999999994,
    "pct3ResTime" : 197.32999999999964,
    "throughput" : 350.8771929824561,
    "receivedKBytesPerSec" : 136.43777412280704,
    "sentKBytesPerSec" : 88.4046052631579
  },
  "Leaderboard" : {
    "transaction" : "Leaderboard",
    "sampleCount" : 100,
    "errorCount" : 2,
    "errorPct" : 2.0,
    "meanResTime" : 2407.75,
    "medianResTime" : 2573.0,
    "minResTime" : 247.0,
    "maxResTime" : 3914.0,
    "pct1ResTime" : 3543.5000000000005,
    "pct2ResTime" : 3708.899999999999,
    "pct3ResTime" : 3913.41,
    "throughput" : 12.781186094069529,
    "receivedKBytesPerSec" : 95.01526253355061,
    "sentKBytesPerSec" : 3.9530561014187118
  },
  "Analysis" : {
    "transaction" : "Analysis",
    "sampleCount" : 100,
    "errorCount" : 2,
    "errorPct" : 2.0,
    "meanResTime" : 2633.7699999999995,
    "medianResTime" : 2611.5,
    "minResTime" : 1300.0,
    "maxResTime" : 3980.0,
    "pct1ResTime" : 3545.9,
    "pct2ResTime" : 3718.1499999999996,
    "pct3ResTime" : 3979.0999999999995,
    "throughput" : 11.043622308117062,
    "receivedKBytesPerSec" : 67.91967921728327,
    "sentKBytesPerSec" : 2.736208413859746
  },
  "Total" : {
    "transaction" : "Total",
    "sampleCount" : 1100,
    "errorCount" : 14,
    "errorPct" : 1.2727273,
    "meanResTime" : 1127.2245454545448,
    "medianResTime" : 614.5,
    "minResTime" : 20.0,
    "maxResTime" : 3980.0,
    "pct1ResTime" : 3032.3999999999996,
    "pct2ResTime" : 3406.900000000001,
    "pct3ResTime" : 3825.0,
    "throughput" : 70.62600321027287,
    "receivedKBytesPerSec" : 224.31418037720707,
    "sentKBytesPerSec" : 18.756207363563405
  },
  "Pricing" : {
    "transaction" : "Pricing",
    "sampleCount" : 100,
    "errorCount" : 0,
    "errorPct" : 0.0,
    "meanResTime" : 1154.4,
    "medianResTime" : 1057.0,
    "minResTime" : 42.0,
    "maxResTime" : 3027.0,
    "pct1ResTime" : 2507.8,
    "pct2ResTime" : 2751.3999999999987,
    "pct3ResTime" : 3025.7599999999993,
    "throughput" : 15.405946695424433,
    "receivedKBytesPerSec" : 59.348852016253275,
    "sentKBytesPerSec" : 4.34510885264212
  },
  "testUsersList" : {
    "transaction" : "testUsersList",
    "sampleCount" : 100,
    "errorCount" : 0,
    "errorPct" : 0.0,
    "meanResTime" : 115.30999999999997,
    "medianResTime" : 99.0,
    "minResTime" : 20.0,
    "maxResTime" : 367.0,
    "pct1ResTime" : 192.4000000000001,
    "pct2ResTime" : 226.5999999999999,
    "pct3ResTime" : 366.0199999999995,
    "throughput" : 212.7659574468085,
    "receivedKBytesPerSec" : 1390.4587765957447,
    "sentKBytesPerSec" : 70.2127659574468
  },
  "dashboardOlympiadState" : {
    "transaction" : "dashboardOlympiadState",
    "sampleCount" : 100,
    "errorCount" : 2,
    "errorPct" : 2.0,
    "meanResTime" : 489.29,
    "medianResTime" : 462.5,
    "minResTime" : 78.0,
    "maxResTime" : 1396.0,
    "pct1ResTime" : 722.7,
    "pct2ResTime" : 757.8499999999999,
    "pct3ResTime" : 1390.9299999999973,
    "throughput" : 38.28483920367534,
    "receivedKBytesPerSec" : 89.44033846190658,
    "sentKBytesPerSec" : 9.638881245214394
  },
  "dashboardHome" : {
    "transaction" : "dashboardHome",
    "sampleCount" : 100,
    "errorCount" : 2,
    "errorPct" : 2.0,
    "meanResTime" : 536.3900000000002,
    "medianResTime" : 482.0,
    "minResTime" : 146.0,
    "maxResTime" : 1127.0,
    "pct1ResTime" : 903.5000000000001,
    "pct2ResTime" : 1073.95,
    "pct3ResTime" : 1126.7399999999998,
    "throughput" : 67.75067750677506,
    "receivedKBytesPerSec" : 256.54680619071814,
    "sentKBytesPerSec" : 17.057423992208673
  },
  "Result" : {
    "transaction" : "Result",
    "sampleCount" : 100,
    "errorCount" : 2,
    "errorPct" : 2.0,
    "meanResTime" : 1678.8699999999997,
    "medianResTime" : 1473.5,
    "minResTime" : 373.0,
    "maxResTime" : 3886.0,
    "pct1ResTime" : 3042.6000000000004,
    "pct2ResTime" : 3382.0999999999995,
    "pct3ResTime" : 3885.8199999999997,
    "throughput" : 13.785497656465399,
    "receivedKBytesPerSec" : 38.142748828232705,
    "sentKBytesPerSec" : 3.3765045578301627
  }
}