{
  "sendOTP" : {
    "transaction" : "sendOTP",
    "sampleCount" : 500,
    "errorCount" : 0,
    "errorPct" : 0.0,
    "meanResTime" : 600.9659999999997,
    "medianResTime" : 159.0,
    "minResTime" : 27.0,
    "maxResTime" : 4826.0,
    "pct1ResTime" : 1834.8000000000002,
    "pct2ResTime" : 2803.7499999999995,
    "pct3ResTime" : 4057.3800000000024,
    "throughput" : 9.7380465478625,
    "receivedKBytesPerSec" : 2.6532372918492553,
    "sentKBytesPerSec" : 2.662747102931152
  },
  "ExtrasApi" : {
    "transaction" : "ExtrasApi",
    "sampleCount" : 500,
    "errorCount" : 0,
    "errorPct" : 0.0,
    "meanResTime" : 895.2080000000009,
    "medianResTime" : 467.0,
    "minResTime" : 66.0,
    "maxResTime" : 5170.0,
    "pct1ResTime" : 2204.0,
    "pct2ResTime" : 3880.95,
    "pct3ResTime" : 4644.620000000001,
    "throughput" : 9.407868741415319,
    "receivedKBytesPerSec" : 10.743142986669051,
    "sentKBytesPerSec" : 2.223178607212072
  },
  "resultValidation" : {
    "transaction" : "resultValidation",
    "sampleCount" : 500,
    "errorCount" : 0,
    "errorPct" : 0.0,
    "meanResTime" : 8285.980000000005,
    "medianResTime" : 8058.0,
    "minResTime" : 226.0,
    "maxResTime" : 15075.0,
    "pct1ResTime" : 12250.700000000003,
    "pct2ResTime" : 13834.049999999997,
    "pct3ResTime" : 14629.48,
    "throughput" : 8.606444505645827,
    "receivedKBytesPerSec" : 2.5130145578008816,
    "sentKBytesPerSec" : 2.0927780096736437
  },
  "submitOTP" : {
    "transaction" : "submitOTP",
    "sampleCount" : 500,
    "errorCount" : 0,
    "errorPct" : 0.0,
    "meanResTime" : 436.976,
    "medianResTime" : 148.5,
    "minResTime" : 23.0,
    "maxResTime" : 5336.0,
    "pct1ResTime" : 1138.8000000000004,
    "pct2ResTime" : 1838.0499999999988,
    "pct3ResTime" : 3849.430000000001,
    "throughput" : 9.691237183338826,
    "receivedKBytesPerSec" : 3.7856395247417285,
    "sentKBytesPerSec" : 2.441737493458415
  },
  "Leaderboard" : {
    "transaction" : "Leaderboard",
    "sampleCount" : 500,
    "errorCount" : 0,
    "errorPct" : 0.0,
    "meanResTime" : 3216.934000000002,
    "medianResTime" : 2301.0,
    "minResTime" : 104.0,
    "maxResTime" : 12989.0,
    "pct1ResTime" : 6844.100000000003,
    "pct2ResTime" : 10714.949999999999,
    "pct3ResTime" : 12583.210000000001,
    "throughput" : 9.947675228299147,
    "receivedKBytesPerSec" : 87.99153950221833,
    "sentKBytesPerSec" : 3.089044594184589
  },
  "Analysis" : {
    "transaction" : "Analysis",
    "sampleCount" : 500,
    "errorCount" : 0,
    "errorPct" : 0.0,
    "meanResTime" : 2224.5979999999986,
    "medianResTime" : 1651.5,
    "minResTime" : 191.0,
    "maxResTime" : 6336.0,
    "pct1ResTime" : 4710.6,
    "pct2ResTime" : 5080.65,
    "pct3ResTime" : 5648.490000000001,
    "throughput" : 9.701955914312325,
    "receivedKBytesPerSec" : 29.654293539952654,
    "sentKBytesPerSec" : 2.415843870061704
  },
  "Total" : {
    "transaction" : "Total",
    "sampleCount" : 5500,
    "errorCount" : 0,
    "errorPct" : 0.0,
    "meanResTime" : 2006.7200000000018,
    "medianResTime" : 924.5,
    "minResTime" : 18.0,
    "maxResTime" : 15075.0,
    "pct1ResTime" : 5310.800000000001,
    "pct2ResTime" : 8620.949999999997,
    "pct3ResTime" : 12403.52999999999,
    "throughput" : 88.27825305362502,
    "receivedKBytesPerSec" : 275.6905077303661,
    "sentKBytesPerSec" : 23.518458305579188
  },
  "Pricing" : {
    "transaction" : "Pricing",
    "sampleCount" : 500,
    "errorCount" : 0,
    "errorPct" : 0.0,
    "meanResTime" : 1728.5180000000003,
    "medianResTime" : 1295.0,
    "minResTime" : 53.0,
    "maxResTime" : 6248.0,
    "pct1ResTime" : 4097.800000000001,
    "pct2ResTime" : 4756.85,
    "pct3ResTime" : 5682.010000000001,
    "throughput" : 10.098358006988063,
    "receivedKBytesPerSec" : 47.676754400359506,
    "sentKBytesPerSec" : 2.85970903474845
  },
  "testUsersList" : {
    "transaction" : "testUsersList",
    "sampleCount" : 500,
    "errorCount" : 0,
    "errorPct" : 0.0,
    "meanResTime" : 1229.0019999999995,
    "medianResTime" : 1225.0,
    "minResTime" : 18.0,
    "maxResTime" : 4952.0,
    "pct1ResTime" : 2146.3,
    "pct2ResTime" : 2532.5499999999997,
    "pct3ResTime" : 4401.63,
    "throughput" : 9.78167305735973,
    "receivedKBytesPerSec" : 63.924761816261054,
    "sentKBytesPerSec" : 3.2382687172313953
  },
  "dashboardOlympiadState" : {
    "transaction" : "dashboardOlympiadState",
    "sampleCount" : 500,
    "errorCount" : 0,
    "errorPct" : 0.0,
    "meanResTime" : 755.682,
    "medianResTime" : 586.5,
    "minResTime" : 28.0,
    "maxResTime" : 5460.0,
    "pct1ResTime" : 1217.2000000000007,
    "pct2ResTime" : 1979.55,
    "pct3ResTime" : 4444.82,
    "throughput" : 9.430581489654653,
    "receivedKBytesPerSec" : 22.426972671353667,
    "sentKBytesPerSec" : 2.385108257181388
  },
  "dashboardHome" : {
    "transaction" : "dashboardHome",
    "sampleCount" : 500,
    "errorCount" : 0,
    "errorPct" : 0.0,
    "meanResTime" : 989.4239999999988,
    "medianResTime" : 955.5,
    "minResTime" : 116.0,
    "maxResTime" : 4999.0,
    "pct1ResTime" : 1422.2000000000003,
    "pct2ResTime" : 1532.5,
    "pct3ResTime" : 3595.2600000000043,
    "throughput" : 9.635767970707265,
    "receivedKBytesPerSec" : 37.30758575833494,
    "sentKBytesPerSec" : 2.4370024029196378
  },
  "Result" : {
    "transaction" : "Result",
    "sampleCount" : 500,
    "errorCount" : 0,
    "errorPct" : 0.0,
    "meanResTime" : 1710.6319999999987,
    "medianResTime" : 1095.0,
    "minResTime" : 220.0,
    "maxResTime" : 5609.0,
    "pct1ResTime" : 4274.6,
    "pct2ResTime" : 4665.55,
    "pct3ResTime" : 5322.490000000001,
    "throughput" : 9.38174312787316,
    "receivedKBytesPerSec" : 26.71385390280514,
    "sentKBytesPerSec" : 2.3086234344216154
  }
}