{
  "sendOTP" : {
    "transaction" : "sendOTP",
    "sampleCount" : 40,
    "errorCount" : 0,
    "errorPct" : 0.0,
    "meanResTime" : 802.6500000000001,
    "medianResTime" : 860.5,
    "minResTime" : 201.0,
    "maxResTime" : 964.0,
    "pct1ResTime" : 932.7,
    "pct2ResTime" : 937.8,
    "pct3ResTime" : 964.0,
    "throughput" : 21.90580503833516,
    "receivedKBytesPerSec" : 5.9684761774370205,
    "sentKBytesPerSec" : 5.98986856516977
  },
  "ExtrasApi" : {
    "transaction" : "ExtrasApi",
    "sampleCount" : 40,
    "errorCount" : 0,
    "errorPct" : 0.0,
    "meanResTime" : 3058.025,
    "medianResTime" : 2967.0,
    "minResTime" : 1843.0,
    "maxResTime" : 6373.0,
    "pct1ResTime" : 3572.5,
    "pct2ResTime" : 6159.7,
    "pct3ResTime" : 6373.0,
    "throughput" : 3.4153005464480874,
    "receivedKBytesPerSec" : 3.8949101349043715,
    "sentKBytesPerSec" : 0.8064645235655737
  },
  "resultValidation" : {
    "transaction" : "resultValidation",
    "sampleCount" : 40,
    "errorCount" : 0,
    "errorPct" : 0.0,
    "meanResTime" : 1382.8499999999995,
    "medianResTime" : 1494.0,
    "minResTime" : 526.0,
    "maxResTime" : 2189.0,
    "pct1ResTime" : 2119.0,
    "pct2ResTime" : 2138.55,
    "pct3ResTime" : 2189.0,
    "throughput" : 16.46090534979424,
    "receivedKBytesPerSec" : 4.806455761316872,
    "sentKBytesPerSec" : 4.00270061728395
  },
  "submitOTP" : {
    "transaction" : "submitOTP",
    "sampleCount" : 40,
    "errorCount" : 0,
    "errorPct" : 0.0,
    "meanResTime" : 1041.125,
    "medianResTime" : 1052.0,
    "minResTime" : 703.0,
    "maxResTime" : 1170.0,
    "pct1ResTime" : 1157.7,
    "pct2ResTime" : 1163.7,
    "pct3ResTime" : 1170.0,
    "throughput" : 14.727540500736376,
    "receivedKBytesPerSec" : 5.750069035346097,
    "sentKBytesPerSec" : 3.7106498527245946
  },
  "Leaderboard" : {
    "transaction" : "Leaderboard",
    "sampleCount" : 40,
    "errorCount" : 0,
    "errorPct" : 0.0,
    "meanResTime" : 2999.925,
    "medianResTime" : 2909.5,
    "minResTime" : 2546.0,
    "maxResTime" : 4367.0,
    "pct1ResTime" : 3265.1,
    "pct2ResTime" : 4202.999999999996,
    "pct3ResTime" : 4367.0,
    "throughput" : 4.187166335182665,
    "receivedKBytesPerSec" : 30.215373279336333,
    "sentKBytesPerSec" : 1.2994936145713387
  },
  "Analysis" : {
    "transaction" : "Analysis",
    "sampleCount" : 40,
    "errorCount" : 0,
    "errorPct" : 0.0,
    "meanResTime" : 3665.3500000000004,
    "medianResTime" : 3449.5,
    "minResTime" : 3111.0,
    "maxResTime" : 6182.0,
    "pct1ResTime" : 4364.8,
    "pct2ResTime" : 4433.45,
    "pct3ResTime" : 6182.0,
    "throughput" : 3.85951370127364,
    "receivedKBytesPerSec" : 12.281187433664607,
    "sentKBytesPerSec" : 0.9603555576997298
  },
  "Total" : {
    "transaction" : "Total",
    "sampleCount" : 440,
    "errorCount" : 0,
    "errorPct" : 0.0,
    "meanResTime" : 2634.0931818181853,
    "medianResTime" : 2726.0,
    "minResTime" : 201.0,
    "maxResTime" : 6992.0,
    "pct1ResTime" : 4380.500000000001,
    "pct2ResTime" : 5580.4,
    "pct3ResTime" : 6506.339999999995,
    "throughput" : 13.964264178488687,
    "receivedKBytesPerSec" : 40.04510616014472,
    "sentKBytesPerSec" : 3.7185556110952427
  },
  "Pricing" : {
    "transaction" : "Pricing",
    "sampleCount" : 40,
    "errorCount" : 0,
    "errorPct" : 0.0,
    "meanResTime" : 3067.9250000000006,
    "medianResTime" : 3026.5,
    "minResTime" : 2389.0,
    "maxResTime" : 4534.0,
    "pct1ResTime" : 3566.3999999999996,
    "pct2ResTime" : 3872.7499999999995,
    "pct3ResTime" : 4534.0,
    "throughput" : 4.647920055775041,
    "receivedKBytesPerSec" : 16.113054300778526,
    "sentKBytesPerSec" : 1.3153976876597722
  },
  "testUsersList" : {
    "transaction" : "testUsersList",
    "sampleCount" : 40,
    "errorCount" : 0,
    "errorPct" : 0.0,
    "meanResTime" : 1354.2999999999997,
    "medianResTime" : 1388.0,
    "minResTime" : 977.0,
    "maxResTime" : 1574.0,
    "pct1ResTime" : 1539.9,
    "pct2ResTime" : 1549.55,
    "pct3ResTime" : 1574.0,
    "throughput" : 12.547051442910917,
    "receivedKBytesPerSec" : 81.99694165621078,
    "sentKBytesPerSec" : 4.152534896486825
  },
  "dashboardOlympiadState" : {
    "transaction" : "dashboardOlympiadState",
    "sampleCount" : 40,
    "errorCount" : 0,
    "errorPct" : 0.0,
    "meanResTime" : 3806.5499999999993,
    "medianResTime" : 3717.0,
    "minResTime" : 1314.0,
    "maxResTime" : 6310.0,
    "pct1ResTime" : 5999.7,
    "pct2ResTime" : 6264.849999999999,
    "pct3ResTime" : 6310.0,
    "throughput" : 4.231908590774439,
    "receivedKBytesPerSec" : 10.069793429961912,
    "sentKBytesPerSec" : 1.0695487727465087
  },
  "dashboardHome" : {
    "transaction" : "dashboardHome",
    "sampleCount" : 40,
    "errorCount" : 0,
    "errorPct" : 0.0,
    "meanResTime" : 3943.7999999999997,
    "medianResTime" : 3864.0,
    "minResTime" : 1497.0,
    "maxResTime" : 6992.0,
    "pct1ResTime" : 6570.9,
    "pct2ResTime" : 6726.95,
    "pct3ResTime" : 6992.0,
    "throughput" : 4.346408779745736,
    "receivedKBytesPerSec" : 16.755108728132132,
    "sentKBytesPerSec" : 1.0984869064435512
  },
  "Result" : {
    "transaction" : "Result",
    "sampleCount" : 40,
    "errorCount" : 0,
    "errorPct" : 0.0,
    "meanResTime" : 3852.525000000001,
    "medianResTime" : 3920.0,
    "minResTime" : 2244.0,
    "maxResTime" : 4477.0,
    "pct1ResTime" : 4396.5,
    "pct2ResTime" : 4414.95,
    "pct3ResTime" : 4477.0,
    "throughput" : 4.124987109415283,
    "receivedKBytesPerSec" : 11.61048922991647,
    "sentKBytesPerSec" : 1.0143278849128596
  }
}