{
  "sendOTP" : {
    "transaction" : "sendOTP",
    "sampleCount" : 200,
    "errorCount" : 0,
    "errorPct" : 0.0,
    "meanResTime" : 82.83999999999999,
    "medianResTime" : 82.5,
    "minResTime" : 27.0,
    "maxResTime" : 430.0,
    "pct1ResTime" : 134.9,
    "pct2ResTime" : 146.89999999999998,
    "pct3ResTime" : 300.7600000000002,
    "throughput" : 206.61157024793388,
    "receivedKBytesPerSec" : 56.293582128099175,
    "sentKBytesPerSec" : 56.495351239669425
  },
  "ExtrasApi" : {
    "transaction" : "ExtrasApi",
    "sampleCount" : 200,
    "errorCount" : 0,
    "errorPct" : 0.0,
    "meanResTime" : 1354.0149999999996,
    "medianResTime" : 1037.0,
    "minResTime" : 327.0,
    "maxResTime" : 5498.0,
    "pct1ResTime" : 3200.5,
    "pct2ResTime" : 3872.2,
    "pct3ResTime" : 5051.670000000004,
    "throughput" : 19.882692116512576,
    "receivedKBytesPerSec" : 22.716946577691623,
    "sentKBytesPerSec" : 4.698645180932498
  },
  "resultValidation" : {
    "transaction" : "resultValidation",
    "sampleCount" : 200,
    "errorCount" : 0,
    "errorPct" : 0.0,
    "meanResTime" : 7252.370000000002,
    "medianResTime" : 8335.5,
    "minResTime" : 258.0,
    "maxResTime" : 9608.0,
    "pct1ResTime" : 9368.0,
    "pct2ResTime" : 9428.5,
    "pct3ResTime" : 9598.76,
    "throughput" : 19.675356615838663,
    "receivedKBytesPerSec" : 5.745050418101329,
    "sentKBytesPerSec" : 4.784339645843581
  },
  "submitOTP" : {
    "transaction" : "submitOTP",
    "sampleCount" : 200,
    "errorCount" : 0,
    "errorPct" : 0.0,
    "meanResTime" : 118.76500000000004,
    "medianResTime" : 130.0,
    "minResTime" : 22.0,
    "maxResTime" : 370.0,
    "pct1ResTime" : 174.9,
    "pct2ResTime" : 224.5499999999999,
    "pct3ResTime" : 321.9100000000001,
    "throughput" : 210.3049421661409,
    "receivedKBytesPerSec" : 82.15036803364879,
    "sentKBytesPerSec" : 52.98698738170347
  },
  "Leaderboard" : {
    "transaction" : "Leaderboard",
    "sampleCount" : 200,
    "errorCount" : 0,
    "errorPct" : 0.0,
    "meanResTime" : 4374.199999999999,
    "medianResTime" : 4746.5,
    "minResTime" : 146.0,
    "maxResTime" : 6788.0,
    "pct1ResTime" : 5711.6,
    "pct2ResTime" : 6027.55,
    "pct3ResTime" : 6770.75,
    "throughput" : 11.913271384322135,
    "receivedKBytesPerSec" : 134.2799614121694,
    "sentKBytesPerSec" : 3.6995128588873003
  },
  "Analysis" : {
    "transaction" : "Analysis",
    "sampleCount" : 200,
    "errorCount" : 0,
    "errorPct" : 0.0,
    "meanResTime" : 4507.435000000001,
    "medianResTime" : 4705.0,
    "minResTime" : 969.0,
    "maxResTime" : 6594.0,
    "pct1ResTime" : 5685.5,
    "pct2ResTime" : 6452.849999999998,
    "pct3ResTime" : 6532.93,
    "throughput" : 11.428571428571429,
    "receivedKBytesPerSec" : 35.685435267857144,
    "sentKBytesPerSec" : 2.8458705357142855
  },
  "Total" : {
    "transaction" : "Total",
    "sampleCount" : 2200,
    "errorCount" : 0,
    "errorPct" : 0.0,
    "meanResTime" : 2279.2795454545485,
    "medianResTime" : 1069.0,
    "minResTime" : 22.0,
    "maxResTime" : 9608.0,
    "pct1ResTime" : 5501.6,
    "pct2ResTime" : 8181.549999999998,
    "pct3ResTime" : 9367.99,
    "throughput" : 72.18321412166152,
    "receivedKBytesPerSec" : 240.3455591943369,
    "sentKBytesPerSec" : 19.230892467517553
  },
  "Pricing" : {
    "transaction" : "Pricing",
    "sampleCount" : 200,
    "errorCount" : 0,
    "errorPct" : 0.0,
    "meanResTime" : 2473.995,
    "medianResTime" : 2407.0,
    "minResTime" : 44.0,
    "maxResTime" : 6133.0,
    "pct1ResTime" : 4676.6,
    "pct2ResTime" : 4900.2,
    "pct3ResTime" : 6063.380000000003,
    "throughput" : 13.2687587076229,
    "receivedKBytesPerSec" : 59.702287409606576,
    "sentKBytesPerSec" : 3.757624353148013
  },
  "testUsersList" : {
    "transaction" : "testUsersList",
    "sampleCount" : 200,
    "errorCount" : 0,
    "errorPct" : 0.0,
    "meanResTime" : 299.6549999999999,
    "medianResTime" : 200.5,
    "minResTime" : 24.0,
    "maxResTime" : 1339.0,
    "pct1ResTime" : 929.3000000000001,
    "pct2ResTime" : 1070.0,
    "pct3ResTime" : 1335.95,
    "throughput" : 105.65240359218173,
    "receivedKBytesPerSec" : 690.4549656629688,
    "sentKBytesPerSec" : 34.976723454833596
  },
  "dashboardOlympiadState" : {
    "transaction" : "dashboardOlympiadState",
    "sampleCount" : 200,
    "errorCount" : 0,
    "errorPct" : 0.0,
    "meanResTime" : 876.045,
    "medianResTime" : 853.5,
    "minResTime" : 170.0,
    "maxResTime" : 2865.0,
    "pct1ResTime" : 1250.8000000000002,
    "pct2ResTime" : 1425.8999999999996,
    "pct3ResTime" : 2801.470000000004,
    "throughput" : 36.19909502262444,
    "receivedKBytesPerSec" : 86.092689479638,
    "sentKBytesPerSec" : 9.155472285067873
  },
  "dashboardHome" : {
    "transaction" : "dashboardHome",
    "sampleCount" : 200,
    "errorCount" : 0,
    "errorPct" : 0.0,
    "meanResTime" : 741.8300000000002,
    "medianResTime" : 713.0,
    "minResTime" : 165.0,
    "maxResTime" : 1552.0,
    "pct1ResTime" : 1210.7,
    "pct2ResTime" : 1329.55,
    "pct3ResTime" : 1520.8200000000002,
    "throughput" : 68.11989100817439,
    "receivedKBytesPerSec" : 264.52337363760216,
    "sentKBytesPerSec" : 17.22887751192098
  },
  "Result" : {
    "transaction" : "Result",
    "sampleCount" : 200,
    "errorCount" : 0,
    "errorPct" : 0.0,
    "meanResTime" : 2990.9249999999975,
    "medianResTime" : 2865.5,
    "minResTime" : 392.0,
    "maxResTime" : 6645.0,
    "pct1ResTime" : 4967.3,
    "pct2ResTime" : 5296.099999999999,
    "pct3ResTime" : 6257.960000000001,
    "throughput" : 13.278449077147789,
    "receivedKBytesPerSec" : 37.691733543022174,
    "sentKBytesPerSec" : 3.2676136552250696
  }
}