{
  "sendOTP" : {
    "transaction" : "sendOTP",
    "sampleCount" : 200,
    "errorCount" : 0,
    "errorPct" : 0.0,
    "meanResTime" : 133.79,
    "medianResTime" : 108.0,
    "minResTime" : 24.0,
    "maxResTime" : 442.0,
    "pct1ResTime" : 283.70000000000005,
    "pct2ResTime" : 332.95,
    "pct3ResTime" : 398.96000000000004,
    "throughput" : 171.96904557179707,
    "receivedKBytesPerSec" : 45.458438574806536,
    "sentKBytesPerSec" : 47.69453998280309
  },
  "ExtrasApi" : {
    "transaction" : "ExtrasApi",
    "sampleCount" : 200,
    "errorCount" : 200,
    "errorPct" : 100.0,
    "meanResTime" : 0.0,
    "medianResTime" : 0.0,
    "minResTime" : 0.0,
    "maxResTime" : 0.0,
    "pct1ResTime" : 0.0,
    "pct2ResTime" : 0.0,
    "pct3ResTime" : 0.0,
    "throughput" : 137.45704467353954,
    "receivedKBytesPerSec" : 160.2770618556701,
    "sentKBytesPerSec" : 0.0
  },
  "resultValidation" : {
    "transaction" : "resultValidation",
    "sampleCount" : 200,
    "errorCount" : 200,
    "errorPct" : 100.0,
    "meanResTime" : 6043.205000000001,
    "medianResTime" : 6745.5,
    "minResTime" : 130.0,
    "maxResTime" : 8246.0,
    "pct1ResTime" : 7933.1,
    "pct2ResTime" : 8138.85,
    "pct3ResTime" : 8218.8,
    "throughput" : 22.896393817973667,
    "receivedKBytesPerSec" : 6.484330280480824,
    "sentKBytesPerSec" : 5.657019175729823
  },
  "submitOTP" : {
    "transaction" : "submitOTP",
    "sampleCount" : 200,
    "errorCount" : 96,
    "errorPct" : 48.0,
    "meanResTime" : 142.64499999999987,
    "medianResTime" : 129.0,
    "minResTime" : 8.0,
    "maxResTime" : 403.0,
    "pct1ResTime" : 274.0,
    "pct2ResTime" : 285.95,
    "pct3ResTime" : 317.94000000000005,
    "throughput" : 188.85741265344666,
    "receivedKBytesPerSec" : 57.01133144475921,
    "sentKBytesPerSec" : 48.32093956562795
  },
  "Leaderboard" : {
    "transaction" : "Leaderboard",
    "sampleCount" : 200,
    "errorCount" : 200,
    "errorPct" : 100.0,
    "meanResTime" : 0.0,
    "medianResTime" : 0.0,
    "minResTime" : 0.0,
    "maxResTime" : 0.0,
    "pct1ResTime" : 0.0,
    "pct2ResTime" : 0.0,
    "pct3ResTime" : 0.0,
    "throughput" : 155.4001554001554,
    "receivedKBytesPerSec" : 183.0201048951049,
    "sentKBytesPerSec" : 0.0
  },
  "Analysis" : {
    "transaction" : "Analysis",
    "sampleCount" : 200,
    "errorCount" : 200,
    "errorPct" : 100.0,
    "meanResTime" : 0.004999999999999999,
    "medianResTime" : 0.0,
    "minResTime" : 0.0,
    "maxResTime" : 1.0,
    "pct1ResTime" : 0.0,
    "pct2ResTime" : 0.0,
    "pct3ResTime" : 0.0,
    "throughput" : 157.60441292356185,
    "receivedKBytesPerSec" : 185.15440307328606,
    "sentKBytesPerSec" : 0.0
  },
  "Total" : {
    "transaction" : "Total",
    "sampleCount" : 2200,
    "errorCount" : 1696,
    "errorPct" : 77.09091,
    "meanResTime" : 590.4977272727243,
    "medianResTime" : 0.0,
    "minResTime" : 0.0,
    "maxResTime" : 8246.0,
    "pct1ResTime" : 305.8000000000002,
    "pct2ResTime" : 6618.449999999998,
    "pct3ResTime" : 7917.919999999998,
    "throughput" : 212.78653641551406,
    "receivedKBytesPerSec" : 285.1536997352258,
    "sentKBytesPerSec" : 25.27595753941387
  },
  "Pricing" : {
    "transaction" : "Pricing",
    "sampleCount" : 200,
    "errorCount" : 200,
    "errorPct" : 100.0,
    "meanResTime" : 87.61499999999998,
    "medianResTime" : 51.5,
    "minResTime" : 4.0,
    "maxResTime" : 509.0,
    "pct1ResTime" : 195.0,
    "pct2ResTime" : 357.39999999999986,
    "pct3ResTime" : 499.9100000000001,
    "throughput" : 176.67844522968198,
    "receivedKBytesPerSec" : 52.45141342756184,
    "sentKBytesPerSec" : 42.961848498233216
  },
  "testUsersList" : {
    "transaction" : "testUsersList",
    "sampleCount" : 200,
    "errorCount" : 0,
    "errorPct" : 0.0,
    "meanResTime" : 88.20000000000005,
    "medianResTime" : 77.0,
    "minResTime" : 20.0,
    "maxResTime" : 310.0,
    "pct1ResTime" : 172.9,
    "pct2ResTime" : 191.0,
    "pct3ResTime" : 245.94000000000005,
    "throughput" : 231.21387283236993,
    "receivedKBytesPerSec" : 1511.0187861271677,
    "sentKBytesPerSec" : 65.48049132947978
  },
  "dashboardOlympiadState" : {
    "transaction" : "dashboardOlympiadState",
    "sampleCount" : 200,
    "errorCount" : 200,
    "errorPct" : 100.0,
    "meanResTime" : 0.004999999999999999,
    "medianResTime" : 0.0,
    "minResTime" : 0.0,
    "maxResTime" : 1.0,
    "pct1ResTime" : 0.0,
    "pct2ResTime" : 0.0,
    "pct3ResTime" : 0.0,
    "throughput" : 139.4700139470014,
    "receivedKBytesPerSec" : 164.93963563458857,
    "sentKBytesPerSec" : 0.0
  },
  "dashboardHome" : {
    "transaction" : "dashboardHome",
    "sampleCount" : 200,
    "errorCount" : 200,
    "errorPct" : 100.0,
    "meanResTime" : 0.009999999999999998,
    "medianResTime" : 0.0,
    "minResTime" : 0.0,
    "maxResTime" : 1.0,
    "pct1ResTime" : 0.0,
    "pct2ResTime" : 0.0,
    "pct3ResTime" : 0.9900000000000091,
    "throughput" : 165.56291390728478,
    "receivedKBytesPerSec" : 195.79754759933775,
    "sentKBytesPerSec" : 0.0
  },
  "Result" : {
    "transaction" : "Result",
    "sampleCount" : 200,
    "errorCount" : 200,
    "errorPct" : 100.0,
    "meanResTime" : 0.0,
    "medianResTime" : 0.0,
    "minResTime" : 0.0,
    "maxResTime" : 0.0,
    "pct1ResTime" : 0.0,
    "pct2ResTime" : 0.0,
    "pct3ResTime" : 0.0,
    "throughput" : 137.45704467353954,
    "receivedKBytesPerSec" : 161.61941580756013,
    "sentKBytesPerSec" : 0.0
  }
}