{
  "sendOTP" : {
    "transaction" : "sendOTP",
    "sampleCount" : 5000,
    "errorCount" : 0,
    "errorPct" : 0.0,
    "meanResTime" : 313.65940000000046,
    "medianResTime" : 168.0,
    "minResTime" : 25.0,
    "maxResTime" : 5850.0,
    "pct1ResTime" : 522.8000000000011,
    "pct2ResTime" : 1294.8499999999995,
    "pct3ResTime" : 3104.439999999988,
    "throughput" : 8.682530228228991,
    "receivedKBytesPerSec" : 2.365650325855359,
    "sentKBytesPerSec" : 2.374129359281364
  },
  "ExtrasApi" : {
    "transaction" : "ExtrasApi",
    "sampleCount" : 5000,
    "errorCount" : 0,
    "errorPct" : 0.0,
    "meanResTime" : 447.75540000000024,
    "medianResTime" : 239.0,
    "minResTime" : 61.0,
    "maxResTime" : 6193.0,
    "pct1ResTime" : 750.0,
    "pct2ResTime" : 1926.2499999999973,
    "pct3ResTime" : 4113.799999999996,
    "throughput" : 8.428846208957841,
    "receivedKBytesPerSec" : 9.621205280756438,
    "sentKBytesPerSec" : 1.9919520191090372
  },
  "resultValidation" : {
    "transaction" : "resultValidation",
    "sampleCount" : 5000,
    "errorCount" : 0,
    "errorPct" : 0.0,
    "meanResTime" : 8655.8486,
    "medianResTime" : 8841.0,
    "minResTime" : 206.0,
    "maxResTime" : 16328.0,
    "pct1ResTime" : 11052.0,
    "pct2ResTime" : 11337.0,
    "pct3ResTime" : 13211.719999999994,
    "throughput" : 8.686165370690793,
    "receivedKBytesPerSec" : 2.536292427574753,
    "sentKBytesPerSec" : 2.1121632590839914
  },
  "submitOTP" : {
    "transaction" : "submitOTP",
    "sampleCount" : 5000,
    "errorCount" : 0,
    "errorPct" : 0.0,
    "meanResTime" : 327.4151999999998,
    "medianResTime" : 156.0,
    "minResTime" : 23.0,
    "maxResTime" : 5363.0,
    "pct1ResTime" : 533.7000000000016,
    "pct2ResTime" : 1527.3999999999978,
    "pct3ResTime" : 3650.9799999999996,
    "throughput" : 8.630450992847083,
    "receivedKBytesPerSec" : 3.3712699190808912,
    "sentKBytesPerSec" : 2.174469097807175
  },
  "Leaderboard" : {
    "transaction" : "Leaderboard",
    "sampleCount" : 5000,
    "errorCount" : 1,
    "errorPct" : 0.02,
    "meanResTime" : 1447.3403999999998,
    "medianResTime" : 783.0,
    "minResTime" : 88.0,
    "maxResTime" : 13408.0,
    "pct1ResTime" : 3232.9000000000005,
    "pct2ResTime" : 5359.149999999997,
    "pct3ResTime" : 8327.0,
    "throughput" : 8.4607952132205,
    "receivedKBytesPerSec" : 53.73388740701586,
    "sentKBytesPerSec" : 2.6274437684974137
  },
  "Analysis" : {
    "transaction" : "Analysis",
    "sampleCount" : 5000,
    "errorCount" : 1,
    "errorPct" : 0.02,
    "meanResTime" : 927.928599999998,
    "medianResTime" : 614.0,
    "minResTime" : 122.0,
    "maxResTime" : 23706.0,
    "pct1ResTime" : 1606.7000000000016,
    "pct2ResTime" : 3485.8999999999996,
    "pct3ResTime" : 5459.919999999998,
    "throughput" : 8.435174000769287,
    "receivedKBytesPerSec" : 26.456203298131946,
    "sentKBytesPerSec" : 2.1005263706735993
  },
  "Total" : {
    "transaction" : "Total",
    "sampleCount" : 55000,
    "errorCount" : 2,
    "errorPct" : 0.0036363637,
    "meanResTime" : 1511.055818181827,
    "medianResTime" : 624.0,
    "minResTime" : 21.0,
    "maxResTime" : 23706.0,
    "pct1ResTime" : 4218.0,
    "pct2ResTime" : 7915.950000000001,
    "pct3ResTime" : 8698.990000000002,
    "throughput" : 91.53836039817523,
    "receivedKBytesPerSec" : 268.2805583912799,
    "sentKBytesPerSec" : 24.387852492901615
  },
  "Pricing" : {
    "transaction" : "Pricing",
    "sampleCount" : 5000,
    "errorCount" : 0,
    "errorPct" : 0.0,
    "meanResTime" : 1004.0516000000001,
    "medianResTime" : 717.0,
    "minResTime" : 43.0,
    "maxResTime" : 7478.0,
    "pct1ResTime" : 1664.0,
    "pct2ResTime" : 2475.549999999991,
    "pct3ResTime" : 4701.919999999998,
    "throughput" : 8.520355128401752,
    "receivedKBytesPerSec" : 42.70189647129492,
    "sentKBytesPerSec" : 2.412969564758959
  },
  "testUsersList" : {
    "transaction" : "testUsersList",
    "sampleCount" : 5000,
    "errorCount" : 0,
    "errorPct" : 0.0,
    "meanResTime" : 1118.5778000000023,
    "medianResTime" : 1038.0,
    "minResTime" : 21.0,
    "maxResTime" : 5982.0,
    "pct1ResTime" : 1402.0,
    "pct2ResTime" : 1985.8499999999995,
    "pct3ResTime" : 4445.98,
    "throughput" : 8.604385827544014,
    "receivedKBytesPerSec" : 56.231005818285695,
    "sentKBytesPerSec" : 2.848522261267013
  },
  "dashboardOlympiadState" : {
    "transaction" : "dashboardOlympiadState",
    "sampleCount" : 5000,
    "errorCount" : 0,
    "errorPct" : 0.0,
    "meanResTime" : 633.0992000000001,
    "medianResTime" : 464.0,
    "minResTime" : 24.0,
    "maxResTime" : 6233.0,
    "pct1ResTime" : 834.5000000000027,
    "pct2ResTime" : 1925.9499999999998,
    "pct3ResTime" : 4205.959999999999,
    "throughput" : 8.47887319166832,
    "receivedKBytesPerSec" : 20.171727851805407,
    "sentKBytesPerSec" : 2.1445372183318323
  },
  "dashboardHome" : {
    "transaction" : "dashboardHome",
    "sampleCount" : 5000,
    "errorCount" : 0,
    "errorPct" : 0.0,
    "meanResTime" : 871.2266000000014,
    "medianResTime" : 710.0,
    "minResTime" : 117.0,
    "maxResTime" : 6523.0,
    "pct1ResTime" : 1120.800000000001,
    "pct2ResTime" : 2248.449999999998,
    "pct3ResTime" : 4781.369999999964,
    "throughput" : 8.55552019273876,
    "receivedKBytesPerSec" : 33.08905585343025,
    "sentKBytesPerSec" : 2.163923325748865
  },
  "Result" : {
    "transaction" : "Result",
    "sampleCount" : 5000,
    "errorCount" : 0,
    "errorPct" : 0.0,
    "meanResTime" : 874.711199999998,
    "medianResTime" : 640.0,
    "minResTime" : 147.0,
    "maxResTime" : 6676.0,
    "pct1ResTime" : 1373.9000000000005,
    "pct2ResTime" : 2778.8999999999996,
    "pct3ResTime" : 4871.649999999992,
    "throughput" : 8.424812758536442,
    "receivedKBytesPerSec" : 24.106576579968323,
    "sentKBytesPerSec" : 2.0732723736699326
  }
}