{
  "sendOTP" : {
    "transaction" : "sendOTP",
    "sampleCount" : 2000,
    "errorCount" : 0,
    "errorPct" : 0.0,
    "meanResTime" : 253.20199999999952,
    "medianResTime" : 152.0,
    "minResTime" : 27.0,
    "maxResTime" : 6052.0,
    "pct1ResTime" : 430.9000000000001,
    "pct2ResTime" : 685.7999999999993,
    "pct3ResTime" : 3042.820000000002,
    "throughput" : 8.401772774055326,
    "receivedKBytesPerSec" : 2.28915488668109,
    "sentKBytesPerSec" : 2.297359742905753
  },
  "ExtrasApi" : {
    "transaction" : "ExtrasApi",
    "sampleCount" : 2000,
    "errorCount" : 0,
    "errorPct" : 0.0,
    "meanResTime" : 361.28899999999953,
    "medianResTime" : 220.5,
    "minResTime" : 66.0,
    "maxResTime" : 5871.0,
    "pct1ResTime" : 678.6000000000004,
    "pct2ResTime" : 1003.0,
    "pct3ResTime" : 3097.090000000002,
    "throughput" : 8.390986402406535,
    "receivedKBytesPerSec" : 9.580089146363976,
    "sentKBytesPerSec" : 1.982985111767939
  },
  "resultValidation" : {
    "transaction" : "resultValidation",
    "sampleCount" : 2000,
    "errorCount" : 0,
    "errorPct" : 0.0,
    "meanResTime" : 8216.763000000006,
    "medianResTime" : 8353.0,
    "minResTime" : 369.0,
    "maxResTime" : 17161.0,
    "pct1ResTime" : 9974.7,
    "pct2ResTime" : 11290.699999999999,
    "pct3ResTime" : 15546.66,
    "throughput" : 8.160034598546698,
    "receivedKBytesPerSec" : 2.3826663525053347,
    "sentKBytesPerSec" : 1.9842271631231716
  },
  "submitOTP" : {
    "transaction" : "submitOTP",
    "sampleCount" : 2000,
    "errorCount" : 0,
    "errorPct" : 0.0,
    "meanResTime" : 239.757,
    "medianResTime" : 139.0,
    "minResTime" : 23.0,
    "maxResTime" : 5791.0,
    "pct1ResTime" : 381.9000000000001,
    "pct2ResTime" : 652.8999999999996,
    "pct3ResTime" : 3307.4800000000023,
    "throughput" : 8.402549333467775,
    "receivedKBytesPerSec" : 3.2822458333858493,
    "sentKBytesPerSec" : 2.117048562533873
  },
  "Leaderboard" : {
    "transaction" : "Leaderboard",
    "sampleCount" : 2000,
    "errorCount" : 0,
    "errorPct" : 0.0,
    "meanResTime" : 1612.4555000000012,
    "medianResTime" : 785.0,
    "minResTime" : 157.0,
    "maxResTime" : 14964.0,
    "pct1ResTime" : 4663.1,
    "pct2ResTime" : 6077.349999999994,
    "pct3ResTime" : 9518.84,
    "throughput" : 8.516581784734878,
    "receivedKBytesPerSec" : 67.10829828449428,
    "sentKBytesPerSec" : 2.6447562740593433
  },
  "Analysis" : {
    "transaction" : "Analysis",
    "sampleCount" : 2000,
    "errorCount" : 0,
    "errorPct" : 0.0,
    "meanResTime" : 986.5330000000013,
    "medianResTime" : 586.0,
    "minResTime" : 83.0,
    "maxResTime" : 6933.0,
    "pct1ResTime" : 1767.6000000000004,
    "pct2ResTime" : 4525.5999999999985,
    "pct3ResTime" : 5755.6,
    "throughput" : 8.462313088659656,
    "receivedKBytesPerSec" : 26.494068480475327,
    "sentKBytesPerSec" : 2.107272974651141
  },
  "Total" : {
    "transaction" : "Total",
    "sampleCount" : 22000,
    "errorCount" : 0,
    "errorPct" : 0.0,
    "meanResTime" : 1433.0051818181796,
    "medianResTime" : 548.0,
    "minResTime" : 23.0,
    "maxResTime" : 17161.0,
    "pct1ResTime" : 3560.4000000000087,
    "pct2ResTime" : 8379.95,
    "pct3ResTime" : 10015.890000000018,
    "throughput" : 88.46390471633245,
    "receivedKBytesPerSec" : 272.449298339241,
    "sentKBytesPerSec" : 23.568632973814683
  },
  "Pricing" : {
    "transaction" : "Pricing",
    "sampleCount" : 2000,
    "errorCount" : 0,
    "errorPct" : 0.0,
    "meanResTime" : 992.2015000000023,
    "medianResTime" : 817.5,
    "minResTime" : 51.0,
    "maxResTime" : 6743.0,
    "pct1ResTime" : 1617.8000000000002,
    "pct2ResTime" : 2588.2999999999975,
    "pct3ResTime" : 4983.47,
    "throughput" : 8.69164645858865,
    "receivedKBytesPerSec" : 44.671705818459756,
    "sentKBytesPerSec" : 2.4614589987875153
  },
  "testUsersList" : {
    "transaction" : "testUsersList",
    "sampleCount" : 2000,
    "errorCount" : 0,
    "errorPct" : 0.0,
    "meanResTime" : 992.3214999999973,
    "medianResTime" : 899.0,
    "minResTime" : 80.0,
    "maxResTime" : 6817.0,
    "pct1ResTime" : 1288.8000000000002,
    "pct2ResTime" : 2035.4999999999982,
    "pct3ResTime" : 4790.56,
    "throughput" : 8.422329279385506,
    "receivedKBytesPerSec" : 55.04123782973419,
    "sentKBytesPerSec" : 2.788251587609069
  },
  "dashboardOlympiadState" : {
    "transaction" : "dashboardOlympiadState",
    "sampleCount" : 2000,
    "errorCount" : 0,
    "errorPct" : 0.0,
    "meanResTime" : 542.278999999999,
    "medianResTime" : 420.0,
    "minResTime" : 33.0,
    "maxResTime" : 6206.0,
    "pct1ResTime" : 794.7000000000003,
    "pct2ResTime" : 1055.6499999999987,
    "pct3ResTime" : 4021.8100000000013,
    "throughput" : 8.386377168926796,
    "receivedKBytesPerSec" : 19.94779660388415,
    "sentKBytesPerSec" : 2.1211228074865187
  },
  "dashboardHome" : {
    "transaction" : "dashboardHome",
    "sampleCount" : 2000,
    "errorCount" : 0,
    "errorPct" : 0.0,
    "meanResTime" : 753.9105000000002,
    "medianResTime" : 622.0,
    "minResTime" : 128.0,
    "maxResTime" : 6292.0,
    "pct1ResTime" : 985.0,
    "pct2ResTime" : 1370.3999999999978,
    "pct3ResTime" : 4917.200000000001,
    "throughput" : 8.404208827780954,
    "receivedKBytesPerSec" : 32.55061697398057,
    "sentKBytesPerSec" : 2.125632876319461
  },
  "Result" : {
    "transaction" : "Result",
    "sampleCount" : 2000,
    "errorCount" : 0,
    "errorPct" : 0.0,
    "meanResTime" : 812.3450000000017,
    "medianResTime" : 596.0,
    "minResTime" : 100.0,
    "maxResTime" : 6457.0,
    "pct1ResTime" : 1336.2000000000007,
    "pct2ResTime" : 2266.95,
    "pct3ResTime" : 4674.490000000001,
    "throughput" : 8.417402137178403,
    "receivedKBytesPerSec" : 23.936827035275225,
    "sentKBytesPerSec" : 2.0714289565998745
  }
}